"Ngày","Lần cuối","Mở","Cao","Thấp","KL","% Thay đổi"
"22/09/2023","27,300.0","27,750.0","27,950.0","26,750.0","50.58M","-3.87%"
"21/09/2023","28,400.0","28,400.0","29,100.0","28,150.0","42.92M","0.00%"
"20/09/2023","28,400.0","28,150.0","28,550.0","28,050.0","26.60M","0.89%"
"19/09/2023","28,150.0","28,000.0","28,150.0","27,500.0","21.03M","1.99%"
"18/09/2023","27,600.0","27,600.0","28,100.0","27,200.0","20.89M","0.00%"
"15/09/2023","27,600.0","27,900.0","28,100.0","27,600.0","24.75M","-0.72%"
"14/09/2023","27,800.0","28,400.0","28,550.0","27,750.0","34.68M","-2.11%"
"13/09/2023","28,400.0","28,800.0","29,400.0","28,250.0","49.19M","-1.22%"
"12/09/2023","28,750.0","28,000.0","28,750.0","27,700.0","22.62M","2.68%"
"11/09/2023","28,000.0","29,000.0","29,050.0","27,750.0","47.70M","-2.61%"
"08/09/2023","28,750.0","28,500.0","29,150.0","28,400.0","33.79M","0.35%"
"07/09/2023","28,650.0","29,000.0","29,300.0","28,500.0","33.67M","-1.21%"
"06/09/2023","29,000.0","27,750.0","29,000.0","27,400.0","52.57M","4.32%"
"05/09/2023","27,800.0","27,800.0","27,950.0","27,250.0","24.50M","0.72%"
"31/08/2023","27,600.0","27,400.0","27,900.0","27,300.0","25.93M","1.47%"
"30/08/2023","27,200.0","27,000.0","27,250.0","26,750.0","20.14M","0.74%"
"29/08/2023","27,000.0","26,900.0","27,150.0","26,700.0","17.97M","0.56%"
"28/08/2023","26,850.0","26,000.0","26,850.0","26,000.0","22.82M","3.47%"
"25/08/2023","25,950.0","26,200.0","26,400.0","25,950.0","21.85M","-1.33%"
"24/08/2023","26,300.0","25,650.0","26,300.0","25,600.0","16.60M","2.53%"
"23/08/2023","25,650.0","26,350.0","26,450.0","25,650.0","21.77M","-1.91%"
"22/08/2023","26,150.0","26,200.0","26,350.0","25,100.0","35.17M","-0.19%"
"21/08/2023","26,200.0","26,450.0","26,550.0","25,900.0","31.44M","-1.13%"
"18/08/2023","26,500.0","27,900.0","28,000.0","26,200.0","41.05M","-5.69%"
"17/08/2023","28,100.0","28,000.0","28,700.0","28,000.0","46.60M","0.54%"
"16/08/2023","27,950.0","27,950.0","28,000.0","27,650.0","14.99M","0.00%"
"15/08/2023","27,950.0","28,150.0","28,250.0","27,850.0","17.94M","-0.71%"
"14/08/2023","28,150.0","27,800.0","28,350.0","27,650.0","44.95M","1.62%"
"11/08/2023","27,700.0","27,400.0","27,750.0","27,150.0","23.38M","1.28%"
"10/08/2023","27,350.0","27,900.0","27,900.0","27,300.0","17.06M","-1.62%"
"09/08/2023","27,800.0","27,200.0","27,850.0","27,050.0","42.66M","2.21%"
"08/08/2023","27,200.0","27,600.0","27,900.0","27,150.0","25.57M","-1.27%"
"07/08/2023","27,550.0","27,550.0","27,750.0","27,300.0","23.09M","0.73%"
"04/08/2023","27,350.0","26,800.0","27,500.0","26,800.0","22.17M","1.86%"
"03/08/2023","26,850.0","27,350.0","27,500.0","26,500.0","58.03M","-2.36%"
"02/08/2023","27,500.0","27,400.0","27,850.0","27,250.0","18.52M","0.00%"
"01/08/2023","27,500.0","28,100.0","28,100.0","27,500.0","28.01M","-2.48%"
"31/07/2023","28,200.0","28,200.0","28,250.0","27,350.0","45.53M","-0.35%"
"28/07/2023","28,300.0","28,400.0","28,600.0","28,150.0","22.70M","-0.35%"
"27/07/2023","28,400.0","28,400.0","28,700.0","28,100.0","21.32M","0.00%"
"26/07/2023","28,400.0","28,250.0","28,450.0","28,150.0","22.87M","0.53%"
"25/07/2023","28,250.0","28,250.0","28,350.0","28,000.0","20.23M","0.00%"
"24/07/2023","28,250.0","28,450.0","28,600.0","28,000.0","17.16M","-0.53%"
"21/07/2023","28,400.0","28,350.0","28,400.0","28,100.0","18.46M","0.71%"
"20/07/2023","28,200.0","27,300.0","28,200.0","27,300.0","30.87M","2.92%"
"19/07/2023","27,400.0","27,100.0","27,700.0","27,050.0","15.38M","0.74%"
"18/07/2023","27,200.0","27,300.0","27,350.0","27,050.0","12.40M","-0.37%"
"17/07/2023","27,300.0","27,700.0","27,750.0","27,200.0","12.53M","-0.73%"
"14/07/2023","27,500.0","27,150.0","27,500.0","27,050.0","17.08M","1.66%"
"13/07/2023","27,050.0","27,500.0","27,500.0","26,900.0","14.01M","0.19%"
"12/07/2023","27,000.0","27,300.0","27,450.0","26,650.0","27.76M","-1.10%"
"11/07/2023","27,300.0","27,800.0","28,050.0","27,250.0","24.01M","-1.44%"
"10/07/2023","27,700.0","27,450.0","27,950.0","27,350.0","24.27M","0.91%"
"07/07/2023","27,450.0","26,900.0","27,450.0","26,500.0","22.61M","1.67%"
"06/07/2023","27,000.0","26,900.0","27,150.0","26,500.0","27.61M","0.19%"
"05/07/2023","26,950.0","26,400.0","27,200.0","26,250.0","31.80M","2.67%"
"04/07/2023","26,250.0","26,150.0","26,250.0","25,900.0","19.73M","0.19%"
"03/07/2023","26,200.0","26,200.0","26,450.0","25,900.0","17.06M","0.19%"
"30/06/2023","26,150.0","25,700.0","26,200.0","25,650.0","23.07M","1.36%"
"29/06/2023","25,800.0","26,650.0","26,700.0","25,800.0","36.80M","-3.01%"
"28/06/2023","26,600.0","26,000.0","26,700.0","25,900.0","30.31M","3.10%"
"27/06/2023","25,800.0","25,350.0","25,800.0","25,100.0","19.94M","2.38%"
"26/06/2023","25,200.0","25,400.0","25,500.0","24,700.0","20.40M","-0.79%"
"23/06/2023","25,400.0","24,850.0","25,550.0","24,750.0","29.16M","2.21%"
"22/06/2023","24,850.0","24,700.0","24,950.0","24,350.0","23.04M","1.02%"
"21/06/2023","24,600.0","23,700.0","24,650.0","23,500.0","35.61M","4.02%"
"20/06/2023","23,650.0","23,350.0","23,650.0","23,300.0","14.61M","1.28%"
"19/06/2023","23,350.0","23,450.0","23,500.0","23,300.0","13.18M","-0.43%"
"16/06/2023","23,450.0","23,250.0","23,800.0","23,150.0","33.01M","1.30%"
"15/06/2023","23,150.0","23,000.0","23,250.0","23,000.0","17.47M","0.22%"
"14/06/2023","23,100.0","23,450.0","23,450.0","23,100.0","23.48M","-1.28%"
"13/06/2023","23,400.0","23,000.0","23,450.0","22,900.0","36.94M","1.96%"
"12/06/2023","22,950.0","23,100.0","23,150.0","22,500.0","22.22M","0.22%"
"09/06/2023","22,900.0","22,800.0","22,900.0","22,500.0","23.87M","0.44%"
"08/06/2023","22,800.0","22,700.0","23,150.0","22,700.0","42.52M","0.88%"
"07/06/2023","22,600.0","22,000.0","22,800.0","22,000.0","55.51M","3.91%"
"06/06/2023","21,750.0","21,700.0","21,850.0","21,550.0","11.80M","0.46%"
"05/06/2023","21,650.0","21,800.0","22,050.0","21,600.0","20.04M","0.23%"
"02/06/2023","21,600.0","21,500.0","21,800.0","21,450.0","18.87M","0.93%"
"01/06/2023","21,400.0","21,150.0","21,400.0","21,050.0","10.84M","0.94%"
"31/05/2023","21,200.0","21,400.0","21,450.0","21,150.0","13.09M","-0.70%"
"30/05/2023","21,350.0","21,500.0","21,600.0","21,250.0","13.46M","-0.47%"
"29/05/2023","21,450.0","21,300.0","21,450.0","21,200.0","11.09M","1.66%"
"26/05/2023","21,100.0","21,300.0","21,400.0","20,850.0","16.09M","-0.47%"
"25/05/2023","21,200.0","21,300.0","21,450.0","21,200.0","13.26M","-0.47%"
"24/05/2023","21,300.0","21,900.0","21,900.0","21,300.0","20.27M","-1.84%"
"23/05/2023","21,700.0","21,950.0","22,050.0","21,600.0","13.62M","-0.91%"
"22/05/2023","21,900.0","21,800.0","22,100.0","21,750.0","14.87M","0.46%"
"19/05/2023","21,800.0","22,000.0","22,100.0","21,650.0","11.51M","-0.68%"
"18/05/2023","21,950.0","21,900.0","22,200.0","21,800.0","18.61M","0.69%"
"17/05/2023","21,800.0","22,000.0","22,100.0","21,750.0","26.00M","-0.91%"
"16/05/2023","22,000.0","22,100.0","22,300.0","21,900.0","17.81M","-0.45%"
"15/05/2023","22,100.0","22,450.0","22,600.0","22,100.0","17.69M","-1.12%"
"12/05/2023","22,350.0","21,750.0","22,500.0","21,600.0","45.11M","2.76%"
"11/05/2023","21,750.0","21,800.0","21,950.0","21,600.0","13.64M","0.23%"
"10/05/2023","21,700.0","21,800.0","21,900.0","21,650.0","8.74M","-0.46%"
"09/05/2023","21,800.0","21,600.0","22,150.0","21,600.0","22.41M","0.93%"
"08/05/2023","21,600.0","21,550.0","21,750.0","21,450.0","10.45M","0.70%"
"05/05/2023","21,450.0","21,300.0","21,700.0","21,200.0","10.79M","0.70%"
"04/05/2023","21,300.0","21,450.0","21,600.0","21,200.0","16.54M","-1.62%"
"28/04/2023","21,650.0","21,700.0","21,800.0","21,400.0","15.75M","-0.23%"
"27/04/2023","21,700.0","22,000.0","22,000.0","21,600.0","17.14M","-1.36%"
"26/04/2023","22,000.0","21,050.0","22,000.0","20,900.0","26.82M","4.51%"
"25/04/2023","21,050.0","20,800.0","21,250.0","20,700.0","18.46M","1.94%"
"24/04/2023","20,650.0","20,700.0","20,800.0","20,550.0","10.58M","-0.24%"
"21/04/2023","20,700.0","20,800.0","20,850.0","20,700.0","11.14M","-0.48%"
"20/04/2023","20,800.0","20,800.0","20,900.0","20,750.0","6.55M","0.00%"
"19/04/2023","20,800.0","21,050.0","21,050.0","20,800.0","10.48M","-0.72%"
"18/04/2023","20,950.0","20,900.0","21,000.0","20,800.0","11.57M","0.48%"
"17/04/2023","20,850.0","20,600.0","20,900.0","20,600.0","9.28M","0.97%"
"14/04/2023","20,650.0","20,550.0","20,850.0","20,500.0","13.61M","0.98%"
"13/04/2023","20,450.0","20,800.0","20,800.0","20,350.0","14.71M","-1.45%"
"12/04/2023","20,750.0","20,900.0","20,900.0","20,650.0","10.64M","-0.24%"
"11/04/2023","20,800.0","20,700.0","20,850.0","20,600.0","14.42M","0.48%"
"10/04/2023","20,700.0","21,250.0","21,350.0","20,600.0","26.55M","-2.36%"
"07/04/2023","21,200.0","21,500.0","21,600.0","21,100.0","18.56M","-1.40%"
"06/04/2023","21,500.0","21,550.0","21,900.0","21,400.0","27.84M","0.00%"
"05/04/2023","21,500.0","21,100.0","21,500.0","20,950.0","25.52M","1.90%"
"04/04/2023","21,100.0","21,150.0","21,200.0","20,950.0","19.86M","0.48%"
"03/04/2023","21,000.0","21,050.0","21,100.0","20,850.0","21.37M","0.96%"
"31/03/2023","20,800.0","20,800.0","20,900.0","20,350.0","23.77M","0.00%"
"30/03/2023","20,800.0","21,000.0","21,150.0","20,750.0","20.96M","0.00%"
"29/03/2023","20,800.0","20,700.0","21,100.0","20,700.0","17.94M","0.48%"
"28/03/2023","20,700.0","20,900.0","21,000.0","20,700.0","12.33M","-0.48%"
"27/03/2023","20,800.0","20,400.0","20,900.0","20,350.0","20.27M","1.96%"
"24/03/2023","20,400.0","20,450.0","20,500.0","20,300.0","13.69M","0.00%"
"23/03/2023","20,400.0","20,200.0","20,400.0","20,050.0","10.74M","0.49%"
"22/03/2023","20,300.0","20,550.0","20,600.0","20,150.0","12.86M","-0.73%"
"21/03/2023","20,450.0","20,200.0","20,550.0","19,850.0","19.06M","2.25%"
"20/03/2023","20,000.0","20,400.0","20,600.0","20,000.0","22.99M","-1.96%"
"17/03/2023","20,400.0","21,050.0","21,050.0","20,400.0","33.96M","-2.16%"
"16/03/2023","20,850.0","21,000.0","21,100.0","20,500.0","30.25M","-2.11%"
"15/03/2023","21,300.0","20,800.0","21,300.0","20,600.0","26.78M","4.93%"
"14/03/2023","20,300.0","21,050.0","21,100.0","20,200.0","30.87M","-3.79%"
"13/03/2023","21,100.0","21,050.0","21,400.0","20,900.0","20.93M","-0.94%"
"10/03/2023","21,300.0","21,150.0","21,450.0","21,000.0","22.46M","0.47%"
"09/03/2023","21,200.0","21,200.0","21,550.0","21,200.0","23.27M","0.00%"
"08/03/2023","21,200.0","20,900.0","21,200.0","20,800.0","16.16M","0.47%"
"07/03/2023","21,100.0","20,600.0","21,350.0","20,550.0","29.32M","3.43%"
"06/03/2023","20,400.0","20,650.0","20,850.0","20,400.0","11.37M","0.25%"
"03/03/2023","20,350.0","20,800.0","21,100.0","20,350.0","13.61M","-1.21%"
"02/03/2023","20,600.0","21,000.0","21,100.0","20,600.0","8.87M","-1.44%"
"01/03/2023","20,900.0","20,000.0","20,900.0","19,800.0","18.62M","4.50%"
"28/02/2023","20,000.0","20,450.0","20,500.0","19,900.0","15.22M","-0.50%"
"27/02/2023","20,100.0","20,400.0","20,550.0","19,950.0","31.32M","-3.37%"
"24/02/2023","20,800.0","21,500.0","21,500.0","20,650.0","14.60M","-3.26%"
"23/02/2023","21,500.0","21,150.0","21,500.0","20,400.0","33.59M","1.42%"
"22/02/2023","21,200.0","21,400.0","22,100.0","21,200.0","32.63M","-1.85%"
"21/02/2023","21,600.0","22,050.0","22,300.0","21,600.0","20.64M","-1.37%"
"20/02/2023","21,900.0","21,000.0","21,900.0","21,000.0","24.74M","4.29%"
"17/02/2023","21,000.0","21,300.0","21,350.0","21,000.0","12.29M","-1.41%"
"16/02/2023","21,300.0","20,950.0","21,400.0","20,600.0","23.91M","2.40%"
"15/02/2023","20,800.0","20,600.0","21,050.0","20,250.0","20.08M","0.97%"
"14/02/2023","20,600.0","20,300.0","20,900.0","20,250.0","17.29M","1.98%"
"13/02/2023","20,200.0","20,400.0","20,400.0","19,750.0","18.74M","-1.46%"
"10/02/2023","20,500.0","20,700.0","20,800.0","20,150.0","15.83M","-0.49%"
"09/02/2023","20,600.0","21,000.0","21,250.0","20,600.0","16.34M","-1.20%"
"08/02/2023","20,850.0","19,750.0","21,100.0","19,750.0","33.81M","5.57%"
"07/02/2023","19,750.0","21,150.0","21,200.0","19,700.0","43.38M","-6.62%"
"06/02/2023","21,150.0","21,100.0","21,150.0","20,550.0","22.28M","0.24%"
"03/02/2023","21,100.0","21,450.0","21,550.0","21,000.0","20.96M","-0.94%"
"02/02/2023","21,300.0","21,200.0","21,700.0","21,100.0","25.39M","0.95%"
"01/02/2023","21,100.0","22,200.0","22,650.0","21,000.0","51.91M","-4.52%"
"31/01/2023","22,100.0","21,900.0","22,100.0","21,700.0","28.11M","1.61%"
"30/01/2023","21,750.0","21,700.0","22,200.0","21,350.0","42.34M","1.16%"
"27/01/2023","21,500.0","21,000.0","21,550.0","20,850.0","26.52M","1.65%"
"19/01/2023","21,150.0","21,600.0","21,850.0","20,850.0","43.94M","-2.53%"
"18/01/2023","21,700.0","22,000.0","22,050.0","21,550.0","25.85M","0.23%"
"17/01/2023","21,650.0","20,450.0","21,650.0","20,450.0","41.58M","6.91%"
"16/01/2023","20,250.0","20,000.0","20,650.0","19,950.0","22.32M","1.50%"
"13/01/2023","19,950.0","20,250.0","20,350.0","19,900.0","19.17M","-0.50%"
"12/01/2023","20,050.0","20,100.0","20,250.0","19,900.0","20.17M","-0.74%"
"11/01/2023","20,200.0","20,000.0","20,550.0","19,900.0","25.71M","2.02%"
"10/01/2023","19,800.0","19,600.0","20,100.0","19,200.0","26.85M","1.02%"
"09/01/2023","19,600.0","19,800.0","20,100.0","19,500.0","16.19M","1.03%"
"06/01/2023","19,400.0","19,700.0","20,100.0","19,200.0","19.63M","-2.02%"
"05/01/2023","19,800.0","19,400.0","20,000.0","19,150.0","21.50M","2.06%"
"04/01/2023","19,400.0","19,450.0","19,800.0","19,300.0","20.23M","0.78%"
"03/01/2023","19,250.0","18,300.0","19,250.0","18,200.0","27.99M","6.94%"
"30/12/2022","18,000.0","18,100.0","18,450.0","17,900.0","14.45M","0.00%"
"29/12/2022","18,000.0","18,300.0","18,500.0","17,850.0","17.42M","-1.10%"
"28/12/2022","18,200.0","18,400.0","18,500.0","17,950.0","14.31M","-0.27%"
"27/12/2022","18,250.0","17,100.0","18,250.0","17,100.0","23.66M","6.73%"
"26/12/2022","17,100.0","18,300.0","18,300.0","17,100.0","31.37M","-6.81%"
"23/12/2022","18,350.0","18,850.0","18,900.0","18,100.0","24.81M","-2.91%"
"22/12/2022","18,900.0","19,100.0","19,600.0","18,700.0","18.97M","0.00%"
"21/12/2022","18,900.0","19,400.0","19,450.0","18,100.0","27.70M","-0.53%"
"20/12/2022","19,000.0","19,800.0","20,100.0","18,750.0","45.55M","-5.00%"
"19/12/2022","20,000.0","20,600.0","21,250.0","20,000.0","48.04M","-1.96%"
"16/12/2022","20,400.0","19,200.0","20,450.0","18,950.0","55.38M","5.43%"
"15/12/2022","19,350.0","19,100.0","19,650.0","19,100.0","20.98M","0.78%"
"14/12/2022","19,200.0","19,350.0","19,600.0","19,000.0","34.29M","1.05%"
"13/12/2022","19,000.0","18,600.0","19,000.0","18,250.0","24.34M","2.15%"
"12/12/2022","18,600.0","19,200.0","19,550.0","18,600.0","35.83M","-3.13%"
"09/12/2022","19,200.0","18,900.0","19,450.0","18,500.0","34.55M","1.59%"
"08/12/2022","18,900.0","18,900.0","19,350.0","18,500.0","29.94M","3.56%"
"07/12/2022","18,250.0","18,000.0","19,150.0","17,700.0","34.62M","-1.88%"
"06/12/2022","18,600.0","19,900.0","19,950.0","18,600.0","62.78M","-7.00%"
"05/12/2022","20,000.0","19,800.0","20,400.0","19,500.0","46.51M","2.83%"
"02/12/2022","19,450.0","18,000.0","19,450.0","17,800.0","45.68M","6.87%"
"01/12/2022","18,200.0","18,750.0","19,650.0","18,000.0","66.59M","-1.09%"
"30/11/2022","18,400.0","17,550.0","18,400.0","17,200.0","57.72M","5.75%"
"29/11/2022","17,400.0","16,600.0","17,450.0","16,350.0","64.31M","6.42%"
"28/11/2022","16,350.0","15,600.0","16,350.0","15,600.0","58.84M","6.86%"
"25/11/2022","15,300.0","14,600.0","15,300.0","14,350.0","26.53M","6.62%"
"24/11/2022","14,350.0","13,700.0","14,400.0","13,600.0","31.12M","3.99%"
"23/11/2022","13,800.0","14,700.0","14,850.0","13,800.0","30.30M","-6.76%"
"22/11/2022","14,800.0","14,650.0","15,450.0","14,450.0","43.25M","-1.00%"
"21/11/2022","14,950.0","15,200.0","15,250.0","14,750.0","31.60M","-0.99%"
"18/11/2022","15,100.0","14,600.0","15,200.0","14,250.0","99.66M","5.96%"
"17/11/2022","14,250.0","13,900.0","14,250.0","13,800.0","21.51M","6.74%"
"16/11/2022","13,350.0","12,300.0","13,350.0","11,800.0","34.90M","6.80%"
"15/11/2022","12,500.0","12,000.0","12,550.0","12,000.0","40.42M","2.46%"
"14/11/2022","12,200.0","12,150.0","12,450.0","11,850.0","60.27M","-0.81%"
"11/11/2022","12,300.0","12,300.0","12,650.0","12,000.0","60.72M","1.65%"
"10/11/2022","12,100.0","12,700.0","12,800.0","12,100.0","79.75M","-6.92%"
"09/11/2022","13,000.0","13,200.0","13,600.0","12,950.0","32.79M","-1.14%"
"08/11/2022","13,150.0","13,100.0","13,700.0","13,000.0","46.27M","-4.01%"
"07/11/2022","13,700.0","14,550.0","14,800.0","13,700.0","38.26M","-6.48%"
"04/11/2022","14,650.0","15,000.0","15,150.0","14,500.0","43.89M","-3.62%"
"03/11/2022","15,200.0","15,250.0","15,450.0","15,100.0","20.63M","-0.98%"
"02/11/2022","15,350.0","15,000.0","15,700.0","15,000.0","40.12M","2.33%"
"01/11/2022","15,000.0","15,750.0","16,000.0","14,800.0","81.55M","-4.15%"
"31/10/2022","15,650.0","15,650.0","16,000.0","15,650.0","66.30M","-6.85%"
"28/10/2022","16,800.0","17,400.0","17,650.0","16,800.0","31.20M","-3.45%"
"27/10/2022","17,400.0","16,950.0","17,600.0","16,900.0","21.37M","2.96%"
"26/10/2022","16,900.0","17,000.0","17,400.0","16,850.0","11.24M","-1.17%"
"25/10/2022","17,100.0","16,400.0","17,500.0","16,050.0","31.11M","4.27%"
"24/10/2022","16,400.0","17,000.0","17,050.0","16,200.0","27.97M","-2.96%"
"21/10/2022","16,900.0","18,300.0","18,300.0","16,900.0","45.16M","-6.63%"
"20/10/2022","18,100.0","18,350.0","18,600.0","18,050.0","26.03M","-1.63%"
"19/10/2022","18,400.0","18,850.0","18,850.0","18,350.0","20.24M","-2.39%"
"18/10/2022","18,850.0","19,500.0","19,700.0","18,700.0","24.39M","-2.08%"
"17/10/2022","19,250.0","19,250.0","19,350.0","18,900.0","17.06M","-1.03%"
"14/10/2022","19,450.0","19,750.0","19,900.0","19,300.0","22.59M","-0.26%"
"13/10/2022","19,500.0","18,800.0","19,600.0","18,550.0","24.20M","4.28%"
"12/10/2022","18,700.0","17,800.0","18,700.0","17,500.0","29.00M","6.86%"
"11/10/2022","17,500.0","18,400.0","18,400.0","17,350.0","26.45M","-4.63%"
"10/10/2022","18,350.0","17,300.0","18,600.0","17,200.0","25.06M","4.26%"
"07/10/2022","17,600.0","17,650.0","17,800.0","17,050.0","36.47M","-2.22%"
"06/10/2022","18,000.0","19,300.0","19,300.0","18,000.0","37.46M","-6.25%"
"05/10/2022","19,200.0","19,200.0","19,350.0","18,850.0","25.32M","1.86%"
"04/10/2022","18,850.0","20,100.0","20,250.0","18,650.0","30.51M","-4.56%"
"03/10/2022","19,750.0","21,200.0","21,200.0","19,750.0","33.57M","-6.84%"
"30/09/2022","21,200.0","21,500.0","21,650.0","20,700.0","23.37M","-2.08%"
"29/09/2022","21,650.0","22,150.0","22,300.0","21,650.0","10.33M","-0.69%"
"28/09/2022","21,800.0","22,200.0","22,450.0","21,600.0","14.07M","-2.68%"
"27/09/2022","22,400.0","22,450.0","22,500.0","22,100.0","9.01M","0.00%"
"26/09/2022","22,400.0","22,450.0","22,600.0","21,850.0","25.88M","-1.32%"
"23/09/2022","22,700.0","23,050.0","23,200.0","22,700.0","14.59M","-1.30%"
"22/09/2022","23,000.0","22,700.0","23,100.0","22,650.0","11.59M","0.44%"
"21/09/2022","22,900.0","22,900.0","22,950.0","22,700.0","9.92M","-0.43%"
"20/09/2022","23,000.0","22,800.0","23,000.0","22,600.0","11.51M","1.55%"
"19/09/2022","22,650.0","23,100.0","23,250.0","22,450.0","27.48M","-1.52%"
"16/09/2022","23,000.0","23,400.0","23,600.0","23,000.0","27.51M","-2.54%"
"15/09/2022","23,600.0","23,900.0","23,900.0","23,450.0","13.73M","-0.42%"
"14/09/2022","23,700.0","23,250.0","23,800.0","23,250.0","27.03M","0.00%"
"13/09/2022","23,700.0","23,750.0","24,000.0","23,500.0","14.68M","-0.42%"
"12/09/2022","23,800.0","23,900.0","24,300.0","23,800.0","26.17M","0.00%"
"09/09/2022","23,800.0","23,350.0","23,800.0","23,100.0","26.05M","3.03%"
"08/09/2022","23,100.0","23,200.0","23,450.0","22,900.0","20.37M","0.43%"
"07/09/2022","23,000.0","23,550.0","23,800.0","23,000.0","25.03M","-2.34%"
"06/09/2022","23,550.0","24,000.0","24,200.0","23,550.0","15.33M","-1.46%"
"05/09/2022","23,900.0","23,050.0","24,100.0","23,050.0","26.28M","3.91%"
"31/08/2022","23,000.0","23,000.0","23,150.0","22,750.0","14.98M","-0.22%"
"30/08/2022","23,050.0","23,100.0","23,300.0","22,950.0","15.31M","0.22%"
"29/08/2022","23,000.0","23,050.0","23,250.0","22,650.0","32.47M","-2.13%"
"26/08/2022","23,500.0","24,000.0","24,000.0","23,500.0","16.47M","-1.47%"
"25/08/2022","23,850.0","23,750.0","24,050.0","23,600.0","18.26M","1.49%"
"24/08/2022","23,500.0","23,650.0","23,750.0","23,500.0","12.13M","-0.63%"
"23/08/2022","23,650.0","23,100.0","23,650.0","23,100.0","16.69M","1.28%"
"22/08/2022","23,350.0","23,650.0","23,750.0","23,150.0","23.80M","-1.68%"
"19/08/2022","23,750.0","24,100.0","24,250.0","23,650.0","31.46M","-1.66%"
"18/08/2022","24,150.0","24,100.0","24,350.0","24,050.0","23.22M","-0.62%"
"17/08/2022","24,300.0","24,600.0","24,650.0","24,150.0","27.44M","-1.02%"
"16/08/2022","24,550.0","24,000.0","24,700.0","24,000.0","65.49M","2.29%"
"15/08/2022","24,000.0","24,100.0","24,200.0","23,800.0","31.51M","0.21%"
"12/08/2022","23,950.0","23,300.0","24,050.0","23,250.0","33.80M","2.35%"
"11/08/2022","23,400.0","24,050.0","24,150.0","23,300.0","34.35M","-1.68%"
"10/08/2022","23,800.0","24,000.0","24,400.0","23,800.0","30.12M","-1.24%"
"09/08/2022","24,100.0","23,900.0","24,300.0","23,650.0","48.22M","2.12%"
"08/08/2022","23,600.0","23,400.0","23,900.0","23,300.0","30.37M","1.29%"
"05/08/2022","23,300.0","23,400.0","23,650.0","23,150.0","42.52M","-1.48%"
"04/08/2022","23,650.0","23,900.0","23,950.0","23,500.0","30.03M","-0.42%"
"03/08/2022","23,750.0","22,700.0","23,850.0","22,600.0","58.85M","3.71%"
"02/08/2022","22,900.0","22,900.0","23,150.0","22,700.0","27.73M","0.44%"
"01/08/2022","22,800.0","21,700.0","22,850.0","21,600.0","38.14M","6.05%"
"29/07/2022","21,500.0","21,600.0","21,950.0","21,500.0","20.59M","0.47%"
"28/07/2022","21,400.0","21,500.0","21,700.0","21,250.0","23.51M","0.71%"
"27/07/2022","21,250.0","21,450.0","21,500.0","21,050.0","28.60M","-1.85%"
"26/07/2022","21,650.0","21,800.0","22,000.0","21,600.0","26.38M","-1.14%"
"25/07/2022","21,900.0","22,200.0","22,300.0","21,800.0","20.72M","-1.35%"
"22/07/2022","22,200.0","22,700.0","22,800.0","22,200.0","16.64M","-2.20%"
"21/07/2022","22,700.0","22,350.0","23,000.0","22,300.0","23.04M","1.57%"
"20/07/2022","22,350.0","22,350.0","22,750.0","22,300.0","16.89M","0.90%"
"19/07/2022","22,150.0","22,500.0","22,600.0","22,100.0","16.28M","-1.99%"
"18/07/2022","22,600.0","23,200.0","23,300.0","22,500.0","19.93M","-2.59%"
"15/07/2022","23,200.0","22,350.0","23,500.0","22,350.0","47.70M","4.50%"
"14/07/2022","22,200.0","22,200.0","22,400.0","22,100.0","12.52M","-0.45%"
"13/07/2022","22,300.0","22,200.0","22,800.0","22,150.0","17.86M","0.00%"
"12/07/2022","22,300.0","22,050.0","22,500.0","21,950.0","12.15M","1.13%"
"11/07/2022","22,050.0","22,400.0","22,650.0","21,950.0","12.48M","-1.78%"
"08/07/2022","22,450.0","22,000.0","22,550.0","22,000.0","19.50M","3.22%"
"07/07/2022","21,750.0","21,450.0","21,750.0","21,400.0","10.83M","1.40%"
"06/07/2022","21,450.0","21,700.0","22,250.0","21,300.0","18.23M","-2.05%"
"05/07/2022","21,900.0","22,100.0","22,350.0","21,750.0","15.09M","-0.45%"
"04/07/2022","22,000.0","22,650.0","22,650.0","22,000.0","12.44M","-1.79%"
"01/07/2022","22,400.0","22,300.0","22,600.0","21,550.0","15.20M","0.45%"
"30/06/2022","22,300.0","22,900.0","23,400.0","22,300.0","19.95M","-1.98%"
"29/06/2022","22,750.0","22,300.0","23,150.0","22,100.0","20.19M","1.11%"
"28/06/2022","22,500.0","22,850.0","22,850.0","22,250.0","17.84M","-1.75%"
"27/06/2022","22,900.0","22,000.0","22,900.0","21,350.0","20.74M","5.05%"
"24/06/2022","21,800.0","21,850.0","22,500.0","21,700.0","12.83M","0.00%"
"23/06/2022","21,800.0","21,500.0","21,850.0","21,500.0","6.93M","1.40%"
"22/06/2022","21,500.0","20,850.0","22,000.0","20,850.0","21.44M","3.37%"
"21/06/2022","20,800.0","21,350.0","21,500.0","20,500.0","39.94M","-3.70%"
"20/06/2022","21,600.0","22,750.0","23,000.0","21,600.0","37.27M","-6.90%"
"17/06/2022","23,200.0","23,450.0","23,500.0","21,950.0","30.24M","-1.11%"
"16/06/2022","23,461.5","22,818.2","23,726.4","22,629.0","43.40M","5.44%"
"15/06/2022","22,250.6","22,780.4","23,385.9","21,834.4","37.31M","-2.97%"
"14/06/2022","22,931.8","23,840.0","23,877.8","22,856.1","36.97M","-4.72%"
"13/06/2022","24,067.0","24,975.2","25,353.6","23,991.3","27.61M","-5.36%"
"10/06/2022","25,429.3","25,580.7","25,921.2","25,429.3","19.74M","-0.59%"
"09/06/2022","25,580.7","24,899.5","26,148.3","24,786.0","35.07M","2.74%"
"08/06/2022","24,899.5","25,202.2","25,315.8","24,786.0","32.29M","-0.90%"
"07/06/2022","25,126.6","25,202.2","25,391.4","24,710.3","25.19M","-0.30%"
"06/06/2022","25,202.2","25,845.5","25,921.2","25,050.9","23.10M","-0.30%"
"03/06/2022","25,277.9","25,202.2","25,732.0","25,164.4","19.12M","0.75%"
"02/06/2022","25,088.7","25,732.0","25,959.1","25,013.0","32.99M","-3.49%"
"01/06/2022","25,996.9","26,110.4","26,337.5","25,580.7","28.14M","-1.01%"
"31/05/2022","26,261.8","26,753.7","26,753.7","26,110.4","24.49M","-2.12%"
"30/05/2022","26,829.4","26,867.3","27,132.1","26,715.9","19.57M","0.00%"
"27/05/2022","26,829.4","26,488.8","27,170.0","26,337.5","22.87M","1.29%"
"26/05/2022","26,488.8","26,488.8","26,942.9","26,148.3","21.09M","1.60%"
"25/05/2022","26,072.6","26,110.4","26,451.0","25,013.0","51.24M","-1.29%"
"24/05/2022","26,413.2","27,813.3","28,002.5","25,883.4","54.86M","-5.03%"
"23/05/2022","27,813.3","28,721.5","28,910.7","27,472.7","13.23M","-2.39%"
"20/05/2022","28,494.4","28,532.3","28,607.9","28,191.7","18.11M","-0.66%"
"19/05/2022","28,683.6","28,229.5","28,835.0","27,889.0","20.85M","-0.79%"
"18/05/2022","28,910.7","29,062.0","29,289.1","28,645.8","20.90M","0.00%"
"17/05/2022","28,910.7","27,397.0","28,910.7","27,245.7","30.44M","5.23%"
"16/05/2022","27,472.7","28,040.3","28,380.9","27,472.7","38.21M","1.11%"
"13/05/2022","27,170.0","28,872.8","29,175.6","27,056.5","55.90M","-6.14%"
"12/05/2022","28,948.5","30,727.1","30,764.9","28,948.5","32.83M","-5.90%"
"11/05/2022","30,764.9","31,029.8","31,256.8","30,689.2","12.43M","-1.09%"
"10/05/2022","31,105.5","29,894.6","31,105.5","29,289.1","25.27M","2.88%"
"09/05/2022","30,235.1","31,408.2","31,710.9","30,235.1","34.17M","-4.43%"
"06/05/2022","31,635.2","31,332.5","32,543.4","31,332.5","19.51M","-0.59%"
"05/05/2022","31,824.5","32,240.7","32,240.7","31,408.2","17.96M","0.12%"
"04/05/2022","31,786.6","32,770.5","32,770.5","31,786.6","19.37M","-3.00%"
"29/04/2022","32,770.5","32,467.8","32,846.2","32,429.9","16.05M","0.46%"
"28/04/2022","32,619.1","32,165.0","32,884.0","32,165.0","17.70M","1.41%"
"27/04/2022","32,165.0","31,181.2","32,467.8","31,105.5","24.41M","3.16%"
"26/04/2022","31,181.2","30,386.5","31,332.5","29,970.2","30.26M","1.10%"
"25/04/2022","30,840.6","33,148.9","33,148.9","30,840.6","37.77M","-6.96%"
"22/04/2022","33,148.9","33,300.3","33,338.1","32,051.5","16.51M","1.04%"
"21/04/2022","32,808.3","32,543.4","33,375.9","31,862.3","23.16M","0.35%"
"20/04/2022","32,694.8","32,921.8","33,300.3","32,619.1","17.21M","-0.23%"
"19/04/2022","32,770.5","32,543.4","33,224.6","32,467.8","24.77M","1.52%"
"18/04/2022","32,278.5","33,338.1","33,716.5","32,278.5","30.14M","-3.51%"
"15/04/2022","33,451.6","33,981.4","34,057.1","33,413.8","23.89M","-1.56%"
"14/04/2022","33,981.4","34,284.1","34,473.3","33,981.4","15.65M","-0.66%"
"13/04/2022","34,208.4","34,284.1","34,397.7","33,830.0","16.53M","0.22%"
"12/04/2022","34,132.8","35,192.3","35,192.3","34,094.9","23.70M","-2.80%"
"08/04/2022","35,116.6","35,381.5","35,608.6","35,078.8","17.86M","-0.32%"
"07/04/2022","35,230.2","35,949.1","36,024.8","35,230.2","18.87M","-1.48%"
"06/04/2022","35,759.9","34,813.9","36,289.7","34,813.9","38.62M","2.49%"
"05/04/2022","34,889.6","34,813.9","35,116.6","34,776.1","15.76M","0.55%"
"04/04/2022","34,700.4","34,813.9","35,041.0","34,624.7","15.80M","0.33%"
"01/04/2022","34,586.9","34,057.1","34,813.9","33,678.7","25.61M","1.33%"
"31/03/2022","34,132.8","34,549.0","34,776.1","33,905.7","24.56M","-0.88%"
"30/03/2022","34,435.5","34,662.5","35,116.6","34,359.8","20.44M","-0.76%"
"29/03/2022","34,700.4","34,965.3","35,003.1","34,662.5","16.88M","-0.11%"
"28/03/2022","34,738.2","34,889.6","35,457.2","34,662.5","25.36M","-1.08%"
"25/03/2022","35,116.6","35,230.2","35,532.9","34,965.3","17.48M","0.00%"
"24/03/2022","35,116.6","35,570.7","35,570.7","35,078.8","19.41M","-0.85%"
"23/03/2022","35,419.4","35,722.1","35,911.3","35,419.4","22.48M","-0.21%"
"22/03/2022","35,495.0","35,495.0","35,532.9","35,041.0","29.86M","0.11%"
"21/03/2022","35,457.2","35,343.7","35,722.1","35,116.6","25.11M","0.75%"
"18/03/2022","35,192.3","34,965.3","35,457.2","34,851.7","23.05M","1.20%"
"17/03/2022","34,776.1","35,268.0","35,343.7","34,738.2","19.45M","-0.54%"
"16/03/2022","34,965.3","35,495.0","35,684.3","34,965.3","14.84M","0.11%"
"15/03/2022","34,927.4","34,776.1","35,343.7","34,397.7","27.12M","0.76%"
"14/03/2022","34,662.5","35,797.8","36,478.9","34,662.5","44.00M","-3.78%"
"11/03/2022","36,024.8","37,235.7","37,311.4","35,457.2","57.64M","-3.15%"
"10/03/2022","37,197.9","37,841.2","37,916.9","37,160.1","34.88M","-1.40%"
"09/03/2022","37,727.7","37,841.2","38,068.3","36,970.9","45.21M","0.81%"
"08/03/2022","37,425.0","38,295.3","38,749.4","37,425.0","52.66M","-3.23%"
"07/03/2022","38,673.7","37,992.6","39,733.3","37,841.2","49.99M","2.61%"
"04/03/2022","37,689.8","38,598.0","38,825.1","37,689.8","43.39M","-0.60%"
"03/03/2022","37,916.9","36,024.8","37,916.9","35,797.8","99.11M","6.82%"
"02/03/2022","35,495.0","35,570.7","35,835.6","35,268.0","25.86M","0.00%"
"01/03/2022","35,495.0","36,100.5","36,403.2","35,457.2","30.39M","-0.64%"
"28/02/2022","35,722.1","34,851.7","36,176.2","34,851.7","45.76M","2.83%"
"25/02/2022","34,738.2","34,889.6","35,078.8","34,738.2","16.61M","-0.22%"
"24/02/2022","34,813.9","35,381.5","35,457.2","34,132.8","29.18M","-1.50%"
"23/02/2022","35,343.7","35,305.8","35,722.1","35,003.1","16.88M","0.65%"
"22/02/2022","35,116.6","35,041.0","35,268.0","34,586.9","22.97M","-0.54%"
"21/02/2022","35,305.8","35,646.4","35,949.1","35,230.2","15.83M","-0.85%"
"18/02/2022","35,608.6","34,965.3","36,062.7","34,851.7","27.79M","1.18%"
"17/02/2022","35,192.3","34,813.9","35,381.5","34,813.9","14.76M","1.09%"
"16/02/2022","34,813.9","34,889.6","35,192.3","34,511.2","12.16M","0.00%"
"15/02/2022","34,813.9","34,965.3","35,230.2","34,359.8","20.23M","-0.43%"
"14/02/2022","34,965.3","35,192.3","35,949.1","34,927.4","23.72M","-2.01%"
"11/02/2022","35,684.3","35,268.0","35,949.1","35,041.0","22.55M","0.32%"
"10/02/2022","35,570.7","35,873.5","36,251.9","35,343.7","30.68M","-0.63%"
"09/02/2022","35,797.8","34,662.5","36,554.6","34,586.9","52.39M","3.84%"
"08/02/2022","34,473.3","32,543.4","34,473.3","32,543.4","34.49M","5.81%"
"07/02/2022","32,581.3","32,392.1","33,073.2","31,635.2","21.59M","2.01%"
"28/01/2022","31,938.0","31,975.8","32,392.1","31,559.6","19.42M","0.12%"
"27/01/2022","31,900.1","32,694.8","32,921.8","31,786.6","19.11M","-2.99%"
"26/01/2022","32,884.0","32,921.8","33,640.8","32,884.0","19.77M","0.46%"
"25/01/2022","32,732.6","30,651.4","32,770.5","30,424.3","23.25M","6.27%"
"24/01/2022","30,802.7","32,619.1","32,694.8","30,802.7","38.25M","-6.00%"
"21/01/2022","32,770.5","33,300.3","33,640.8","32,619.1","21.16M","-1.59%"
"20/01/2022","33,300.3","33,148.9","33,451.6","32,770.5","19.07M","1.15%"
"19/01/2022","32,921.8","33,603.0","33,716.5","32,884.0","23.02M","-1.14%"
"18/01/2022","33,300.3","33,678.7","34,246.3","32,543.4","27.87M","-1.57%"
"17/01/2022","33,830.0","35,003.1","35,192.3","33,830.0","28.16M","-3.35%"
"14/01/2022","35,003.1","35,192.3","35,457.2","34,965.3","10.27M","-0.96%"
"13/01/2022","35,343.7","35,041.0","35,797.8","34,965.3","32.49M","1.08%"
"12/01/2022","34,965.3","34,208.4","35,003.1","34,170.6","19.09M","2.44%"
"11/01/2022","34,132.8","34,851.7","34,851.7","34,132.8","16.59M","-1.20%"
"10/01/2022","34,549.0","34,700.4","35,305.8","34,435.5","22.72M","-0.33%"
"07/01/2022","34,662.5","34,889.6","34,965.3","34,549.0","21.24M","-0.65%"
"06/01/2022","34,889.6","35,192.3","35,343.7","34,889.6","22.32M","-1.50%"
"05/01/2022","35,419.4","35,495.0","35,835.6","35,419.4","24.39M","0.11%"
"04/01/2022","35,381.5","35,419.4","35,722.1","35,268.0","26.13M","0.75%"
"31/12/2021","35,116.6","34,813.9","35,305.8","34,700.4","17.92M","1.53%"
"30/12/2021","34,586.9","35,041.0","35,041.0","34,586.9","13.37M","-0.22%"
"29/12/2021","34,662.5","34,662.5","35,041.0","34,435.5","19.65M","0.00%"
"28/12/2021","34,662.5","34,738.2","35,343.7","34,511.2","16.06M","-0.22%"
"27/12/2021","34,738.2","35,230.2","35,268.0","34,473.3","13.88M","-0.33%"
"24/12/2021","34,851.7","34,284.1","35,305.8","34,246.3","24.92M","2.45%"
"23/12/2021","34,019.2","34,132.8","34,132.8","33,375.9","34.68M","-0.33%"
"22/12/2021","34,132.8","35,041.0","35,192.3","34,132.8","32.07M","-2.17%"
"21/12/2021","34,889.6","35,495.0","35,532.9","34,889.6","22.22M","-1.71%"
"20/12/2021","35,495.0","35,343.7","35,835.6","35,192.3","12.98M","0.43%"
"17/12/2021","35,343.7","35,835.6","35,987.0","35,268.0","28.62M","-1.68%"
"16/12/2021","35,949.1","36,403.2","36,403.2","35,797.8","14.34M","-0.63%"
"15/12/2021","36,176.2","36,327.6","36,781.6","36,100.5","11.76M","0.21%"
"14/12/2021","36,100.5","35,230.2","37,160.1","34,965.3","46.38M","2.47%"
"13/12/2021","35,230.2","35,230.2","35,684.3","35,041.0","18.60M","0.11%"
"10/12/2021","35,192.3","35,608.6","35,722.1","35,116.6","25.26M","-1.27%"
"09/12/2021","35,646.4","35,495.0","35,797.8","35,419.4","13.42M","-0.21%"
"08/12/2021","35,722.1","36,251.9","36,251.9","35,608.6","14.44M","-0.84%"
"07/12/2021","36,024.8","35,154.5","36,024.8","34,813.9","28.52M","4.04%"
"06/12/2021","34,624.7","35,949.1","36,289.7","34,435.5","45.02M","-4.09%"
"03/12/2021","36,100.5","36,933.0","37,197.9","36,100.5","28.19M","-1.85%"
"02/12/2021","36,781.6","37,235.7","37,273.6","36,781.6","16.68M","-0.82%"
"01/12/2021","37,084.4","37,462.8","37,462.8","37,008.7","17.97M","0.10%"
"30/11/2021","37,046.5","37,046.5","37,803.4","36,706.0","28.83M","1.14%"
"29/11/2021","36,630.3","36,478.9","37,008.7","36,478.9","28.34M","-1.33%"
"26/11/2021","37,122.2","37,311.4","37,803.4","37,084.4","34.75M","-0.41%"
"25/11/2021","37,273.6","36,857.3","37,349.3","36,857.3","28.29M","1.23%"
"24/11/2021","36,819.5","37,462.8","37,614.2","36,706.0","35.26M","-1.82%"
"23/11/2021","37,500.6","37,008.7","37,689.8","36,781.6","20.34M","1.85%"
"22/11/2021","36,819.5","36,478.9","37,235.7","36,327.6","29.42M","1.35%"
"19/11/2021","36,327.6","37,538.5","37,614.2","36,251.9","63.01M","-3.90%"
"18/11/2021","37,803.4","38,900.8","38,900.8","37,538.5","76.19M","-2.82%"
"17/11/2021","38,900.8","39,354.9","39,808.9","38,900.8","39.00M","-1.15%"
"16/11/2021","39,354.9","40,338.7","40,565.8","39,354.9","51.71M","-2.99%"
"15/11/2021","40,565.8","41,246.9","41,322.6","40,338.7","39.84M","-1.83%"
"12/11/2021","41,322.6","40,792.8","41,474.0","40,717.1","27.10M","1.11%"
"11/11/2021","40,868.5","41,625.3","41,852.4","40,565.8","70.58M","-2.35%"
"10/11/2021","41,852.4","42,760.6","42,836.2","41,776.7","56.39M","-2.12%"
"09/11/2021","42,760.6","42,987.6","43,593.1","42,684.9","32.13M","-0.53%"
"08/11/2021","42,987.6","43,063.3","43,139.0","42,533.5","27.63M","0.35%"
"05/11/2021","42,836.2","42,609.2","43,139.0","42,155.1","25.19M","0.53%"
"04/11/2021","42,609.2","42,079.4","43,063.3","42,079.4","19.30M","1.26%"
"03/11/2021","42,079.4","42,533.5","42,609.2","41,852.4","38.83M","0.18%"
"02/11/2021","42,003.7","42,003.7","42,684.9","41,776.7","33.37M","-0.36%"
"01/11/2021","42,155.1","43,214.7","43,214.7","42,155.1","58.78M","-2.45%"
"29/10/2021","43,214.7","43,895.8","43,971.5","43,214.7","31.04M","-1.55%"
"28/10/2021","43,895.8","43,820.1","44,047.2","43,366.0","28.50M","0.17%"
"27/10/2021","43,820.1","42,609.2","43,820.1","42,609.2","37.62M","2.84%"
"26/10/2021","42,609.2","41,474.0","42,609.2","41,019.9","36.28M","2.18%"
"25/10/2021","41,701.0","42,760.6","42,911.9","41,701.0","54.09M","-2.82%"
"22/10/2021","42,911.9","43,441.7","43,744.4","42,911.9","25.80M","-0.87%"
"21/10/2021","43,290.3","43,290.3","44,047.2","42,836.2","50.95M","0.53%"
"20/10/2021","43,063.3","43,441.7","43,517.4","42,230.8","45.06M","-0.52%"
"19/10/2021","43,290.3","43,593.1","43,895.8","43,214.7","30.84M","-1.21%"
"18/10/2021","43,820.1","43,593.1","44,198.5","43,517.4","26.96M","1.05%"
"15/10/2021","43,366.0","43,366.0","43,668.7","43,139.0","24.08M","0.88%"
"14/10/2021","42,987.6","42,987.6","43,441.7","42,911.9","25.06M","0.00%"
"13/10/2021","42,987.6","43,139.0","43,441.7","42,760.6","20.26M","-0.35%"
"12/10/2021","43,139.0","43,366.0","43,593.1","42,987.6","23.54M","-0.35%"
"11/10/2021","43,290.3","42,457.8","43,366.0","42,155.1","33.21M","2.69%"
"08/10/2021","42,155.1","42,230.8","42,533.5","41,776.7","28.20M","0.18%"
"07/10/2021","42,079.4","42,684.9","42,911.9","42,003.7","34.80M","-0.89%"
"06/10/2021","42,457.8","42,230.8","42,609.2","41,928.1","34.80M","1.45%"
"05/10/2021","41,852.4","42,003.7","42,306.5","41,701.0","34.54M","-0.36%"
"04/10/2021","42,003.7","40,792.8","42,306.5","40,792.8","58.96M","3.93%"
"01/10/2021","40,414.4","40,036.0","40,641.5","39,884.6","39.62M","0.95%"
"30/09/2021","40,036.0","40,641.5","40,641.5","39,960.3","30.09M","-0.75%"
"29/09/2021","40,338.7","39,884.6","40,565.8","39,808.9","45.37M","1.33%"
"28/09/2021","39,808.9","38,295.3","39,884.6","38,295.3","46.29M","3.54%"
"27/09/2021","38,446.7","38,900.8","39,354.9","38,446.7","37.01M","0.00%"
"24/09/2021","38,446.7","38,598.0","39,127.8","38,371.0","20.65M","-0.39%"